1591753712,ISS (ZARYA), 44.536773901665775, 152.92498194683387, 422509
1591753712,KESTREL EYE IIM (KE2M), 50.16050195187611, 68.37973337490216, 362926
1591753712,DELLINGR (RBLE), 37.40669786429026, 100.52160055179463, 360012
1591753712,1KUNS-PF, -26.23748917210906, 130.23782508489663, 201165
1591753712,UBAKUSAT, 49.17883513328376, 74.01892917038582, 349765
1591753712,CUBERRT, -9.446691116992904, -48.29835709250274, 351118
1591753712,TEMPEST-D, 48.233268108131995, 107.31633997964612, 384677
1591753712,RAINCUBE, -51.76954179262197, -120.17063838843023, 367130
1591753712,HALOSAT, -50.65397282861091, -105.34174894772082, 368873
1591753712,ENDUROSAT ONE, -39.74120613987512, 178.01191512092305, 341527
1591753712,EQUISAT, 46.72445650515992, 89.83416786474695, 350367
1591753712,RADSAT-G, -48.98659206435649, -90.19203594351545, 379766
1591753712,1998-067PC, 16.858200997583392, -31.67945247401336, 320657
1591753712,AEROCUBE 12A, 46.38938184110691, -94.70056453713843, 486183
1591753712,AEROCUBE 12B, 26.60035264792655, -61.533783574645035, 481321
1591753712,LEMUR-2-VU, -50.386584661691316, 65.75616180626422, 485127
1591753712,LEMUR-2-ALEXANDER, 45.09887810174105, -94.81435835842849, 481399
1591753712,LEMUR-2-YUASA, 2.056403055635896, -43.66565740775464, 475279
1591753712,LEMUR-2-TOMHENDERSON, 49.185319647922334, -107.59118784775914, 484190
1591753712,SIRIUSSAT-1, -29.16766387812165, 175.24390602262713, 355669
